[
    {
        "id": 1,
        "name":" Áo thun ngắn tay",
        "price": 119.000 ,
        "image": "https://image.uniqlo.com/UQ/ST3/AsianCommon/imagesgoods/464686/item/goods_53_464686.jpg?width=320"
    },
    {
        "id": 2,
        "name":" Áo croptop kiểu hiện đại",
        "price": 341.000,
        "image": "https://image.uniqlo.com/UQ/ST3/vn/imagesgoods/469443/item/vngoods_00_469443.jpg?width=320" 
    },
    {
        "id": 3,
        "name":" Váy xòe cách tân",
        "price": 470.000,
        "image": "https://image.uniqlo.com/UQ/ST3/vn/imagesgoods/465955/item/vngoods_65_465955.jpg?width=320"
    },
    {
        "id": 4,
        "name":" Sơ mi trắng nữ",
        "price": 350.000,
        "image": "https://image.uniqlo.com/UQ/ST3/vn/imagesgoods/470907/item/vngoods_02_470907.jpg?width=320"
    },
    {
        "id": 5,
        "name":" Áo khoác nam vải da",
        "price": 789.000,
        "image": "./assets/images/products/jacket-5.jpg"
    },
    {
        "id": 6,
        "name":" Áo khoác bóng chày",
        "price": 668.000,
        "image": "https://image.uniqlo.com/UQ/ST3/AsianCommon/imagesgoods/462028/item/goods_30_462028.jpg?width=320"
    },
    {
        "id": 7,
        "name":" Áo khóac kiểu sơ mi vải Jersey",
        "price": 896.000,
        "image": "https://image.uniqlo.com/UQ/ST3/vn/imagesgoods/470298/item/vngoods_56_470298.jpg?width=320"
    },
    {
        "id": 8,
        "name":" Quần Dry Easy Short co giãn",
        "price": 231.000,
        "image": "https://image.uniqlo.com/UQ/ST3/vn/imagesgoods/454780/item/vngoods_31_454780.jpg?width=750"
    },

    
    


    {
        "id": 9,
        "name":" NY 90",
        "price": 1970.000,
        "image":"https://assets.adidas.com/images/h_840,f_auto,q_auto,fl_lossy,c_fill,g_auto/887855da359e4527a857aebc01150c7a_9366/NY_90_Shoes_White_GX4394_01_standard.jpg"
    },
    {
        "id": 10,
        "image":"https://assets.adidas.com/images/h_840,f_auto,q_auto,fl_lossy,c_fill,g_auto/ba38c9d9544c4354b3a7af0601798915_9366/Continental_80_Stripes_Shoes_White_GX1916_01_standard.jpg",
        "name": "CONTINENTAL 80",
        "price":2700.000
    },
    {
        "id":11,
        "name":"Courtic",
        "image":"https://assets.adidas.com/images/h_840,f_auto,q_auto,fl_lossy,c_fill,g_auto/ba38c9d9544c4354b3a7af0601798915_9366/Continental_80_Stripes_Shoes_White_GX1916_01_standard.jpg",
        "price": 2700.000
    },
    {
        "id": 12,
        "name": "Standt",
        "price": 2100.000,
        "image":"https://assets.adidas.com/images/w_600,f_auto,q_auto/1ab27be1e3a24323988d408cd1d86830_9366/Stadt_Shoes_Black_JI1882_01_standard.jpg"
    },
    {
        "id": 13,
        "name": "Stalt",
        "price": 2000.000,
        "image":"https://assets.adidas.com/images/w_600,f_auto,q_auto/83f36e7fbdfe4bac9d68ac6c18451783_9366/Stadt_Shoes_Blue_JI1884_01_standard.jpg" 
    },
    {
        "id": 14,
        "name": "Giày da nâu quyến rũ",
        "price": 2100.000,
        "image":"./assets/images/products/shoe-1.jpg"
    },
    {
        "id": 15,
        "name": " Giày da đen",
        "price": 4900.000,
        "image":"./assets/images/products/shoe-3.jpg"
    },
    {
        "id": 16,
        "name": "Giày da bóng",
        "price": 790.000,
        "image":"./assets/images/products/shoe-2.jpg"
    },





    {
        "id": 17,
        "name": "Đồng hồ ELIO 34.8mm Nữ",
        "price": 1890.000,
        "image":"./assets/images/products/dongho1.jpg"
    },
    {
        "id": 18,
        "name": "Đồng hồ Nữ Citizen Eco-Drive",
        "price": 3200.000,
        "image":"./assets/images/products/dongho2.jpg"
    },
    {
        "id": 19,
        "name": "Nước hoa DIOR SAUVAGE PARFUM",
        "price": 3290.000,
        "image":"./assets/images/products/nuochoa.jpg"
    },
    {
        "id": 20,
        "name": "Kính mắt GM Karl",
        "price": 4320.000,
        "image":"./assets/images/products/kinhmat.jpg"
    },
    {
        "id": 21,
        "name": "Dây chuyền Hermes",
        "price": 2120.000,
        "image":"./assets/images/products/daychuyen.jpg"
    },
    {
        "id": 22,
        "name": "Túi xách CHANEL",
        "price": 3400.000,
        "image":"./assets/images/products/tuixach.jpg"
    },
    {
        "id": 23,
        "name": "Túi xách MLB",
        "price": 790.000,
        "image":"./assets/images/products/tuixach2.jpg"
    },
    {
        "id": 24,
        "name": "Lắc tay LV",
        "price": 3290.000,
        "image":"./assets/images/products/lactay.jpg"
    }


]

